{
  "mode": "in-process",
  "total_events": 1000,
  "accepted_events": 1000,
  "dropped_events": 0,
  "error_events": 0,
  "duration_seconds": 15.642821100074798,
  "throughput_eps": 63.92708793398004,
  "drop_rate_pct": 0.0,
  "latency_p50_ms": 0.016949954442679882,
  "latency_p95_ms": 0.029005098622292277,
  "latency_p99_ms": 0.06291501340456306,
  "latency_min_ms": 0.004799920134246349,
  "latency_max_ms": 0.9323999984189868,
  "graph_nodes_start": 0,
  "graph_nodes_end": 34,
  "graph_edges_start": 0,
  "graph_edges_end": 56,
  "queue_max_depth": 2,
  "memory_start_mb": 0.00226593017578125,
  "memory_end_mb": 0.5815858840942383
}